model,ar,de,en,es,fr,hi,ja,pt,ru,sw,zh-CN
bloomz-7b1,0.14204021096229552,-0.051197785139083865,0.24351224303245544,0.2389563024044037,0.204795503616333,-0.004616343975067138,-0.009713387489318848,0.24041213393211364,0.009019321203231812,0.13417781591415406,0.020870840549468993
falcon3-7b-instruct,0.529285478591919,0.6522593796253204,0.6797063112258911,0.6833629250526428,0.6208662509918212,0.528961044549942,0.3731286585330963,0.6970902204513549,0.511769562959671,0.49336344599723814,0.48783770203590393
mistral-7b,0.5468707799911499,0.5811971485614776,0.3860305964946747,0.6717515051364898,0.6606722116470337,0.45445294976234435,0.5074856460094452,0.6700797379016876,0.622162687778473,0.4432109296321869,0.4791124761104584
mistral-7b-instruct-v0.3,0.5222696423530578,0.5814082264900208,0.38608121275901797,0.6568029642105102,0.6609550654888153,0.4352132737636566,0.5057368040084839,0.6608201265335083,0.6175594687461853,0.4105350971221924,0.47105531096458436
openhermes-2.5-mistral-7b,0.555582869052887,0.6018460333347321,0.33392332792282103,0.6712666511535644,0.6688356816768646,0.4919793367385864,0.5237391114234924,0.6688137173652648,0.6177016198635101,0.45445141196250916,0.4581978559494019
phi-3-mini-4k-instruct,0.668383640050888,0.6815230846405029,0.29156317710876467,0.7590694606304169,0.7619220674037933,0.6216852188110351,0.6311157941818237,0.7668878436088562,0.6868485033512115,0.6149753212928772,0.6179372072219849
phi-4-mini-instruct,0.8432999730110169,0.8115745782852173,0.8553355455398559,0.8617490351200103,0.8592311203479767,0.8283941149711609,0.6513124465942383,0.8527541697025299,0.5253402709960937,0.8034766018390656,0.7425339579582214
qwen-7b,0.6444770514965057,0.6306565642356873,0.719284051656723,0.7510383188724518,0.768768435716629,0.5735706627368927,0.6584549427032471,0.7738182067871093,0.5920486450195312,0.6305726587772369,0.7281308054924012
qwen2-7b-instruct,0.972612065076828,0.9618041753768921,0.9761219143867492,0.9778251111507416,0.97653027176857,0.9654655992984772,0.9451847314834595,0.9757763922214509,0.9269682884216308,0.9605629444122314,0.9724645435810089
qwen2.5-3b-instruct,0.866544222831726,0.8207533121109009,0.89427610039711,0.8974300861358643,0.9000035643577575,0.8109471738338471,0.7857035458087921,0.8946659803390503,0.7486288845539093,0.8165636003017426,0.8930875122547149
qwen2.5-7b-instruct,0.9796976447105408,0.9724662482738495,0.9824830830097199,0.9830584526062012,0.9818254709243774,0.9759418785572052,0.9425816774368286,0.981439733505249,0.9411316037178039,0.9701943933963776,0.9807795405387878
qwen3-4b-instruct,0.9541252195835114,0.8971481859683991,0.958504068851471,0.9633852899074554,0.9605322897434234,0.9292117059230804,0.9557787656784058,0.9633016943931579,0.8813142836093902,0.9318182110786438,0.9603890657424927
qwen3-8b-instruct,0.9178971707820892,0.851436311006546,0.9249548137187957,0.9307739078998566,0.9238609910011292,0.8825431346893311,0.8639522671699524,0.9292381525039672,0.8134892106056213,0.8677454352378845,0.9213606357574463
smollm3-3b,0.8476152360439301,0.8647198379039764,0.8748379707336426,0.8826148748397827,0.8748396635055542,0.8358302354812622,0.6396734535694122,0.8746239006519317,0.7473915457725525,0.8094121515750885,0.8071321904659271
stablelm-2-1.6b-chat,0.661226236820221,0.5459325671195984,0.7923211693763733,0.8113593995571137,0.804761004447937,0.7513715505599976,0.7242980659008026,0.816596633195877,0.7679947793483735,0.7630949914455414,0.2973028838634491
stablelm-3b,0.6125132501125335,-0.45166330337524413,0.5692623376846313,0.6356185972690582,0.5735942304134369,0.5829288542270661,0.6140771090984345,0.6722419917583465,0.6294285118579864,0.5840980470180511,0.6200441956520081
tinyllama,0.4908013641834259,0.6064160943031311,0.37993075251579284,0.6805290043354034,0.673206627368927,0.4987554669380188,0.5316683232784272,0.6830247819423676,0.630257761478424,0.42146340012550354,0.5246573209762573
yi-1.5-6b-chat,0.861920815706253,0.9037471950054169,0.8414955556392669,0.920498663187027,0.9223959267139434,0.8081964254379272,0.873508483171463,0.921779215335846,0.8532310247421264,0.8843421518802643,0.8866973102092743
yi-6b,0.20817559361457824,0.44250831604003904,0.4294161021709442,0.4491103529930115,0.4327214598655701,0.21497762203216553,-0.42633686661720277,0.4341898441314697,0.41725456714630127,0.38193021416664125,-0.5194334030151367
zephyr-7b,0.5246694266796113,0.6095674753189086,0.4026060938835144,0.6785220086574555,0.6687276542186738,0.4670503258705139,0.49725289940834044,0.6786189079284668,0.6443801939487457,0.44059258699417114,0.486353999376297
