model,pivot_language,pivot_projection,best_layer,psycholinguistic_improvement,phase4_typological_r_squared,phase4_psycholinguistic_r_squared,phase4_combined_r_squared
bloomz-7b1,en,es,0,0.0417510847563195,0.13276265676848154,0.17451374152480104,0.18527263450276554
falcon3-7b-instruct,pt,pt,19,0.13186406248274574,0.3511950673179509,0.48305912980069665,0.5323134238518865
mistral-7b,es,pt,22,0.06887027260977607,0.4865031549373282,0.5553734275471043,0.5496732490978734
mistral-7b-instruct-v0.3,fr,pt,22,0.06723231594547419,0.35452615921959485,0.42175847516506904,0.4224958867196652
openhermes-2.5-mistral-7b,es,pt,22,0.04852618582898893,0.4765425359115184,0.5250687217405073,0.5176830845507954
phi-3-mini-4k-instruct,pt,pt,22,0.05707983539498751,0.09065259579851426,0.14773243119350177,0.1940937328431407
phi-4-mini-instruct,es,pt,22,-0.03107866579068963,0.42792908971840815,0.3968504239277185,0.4225861019289432
qwen-7b,pt,pt,22,0.026694795832172602,0.001258891189870881,0.027953687022043483,0.20003647261286306
qwen2-7b-instruct,es,es,19,-0.059198024679057104,0.09693328755651065,0.037735262877453546,0.21481625676585503
qwen2.5-3b-instruct,fr,fr,25,-0.018331636300111698,0.01904419429767945,0.0007125579975677532,0.14250367102797867
qwen2.5-7b-instruct,es,es,19,-0.025905591366297553,0.03006543576744669,0.0041598444011491376,0.14417300418723156
qwen3-4b-instruct,es,pt,25,-0.011496986222177874,0.01160427056742741,0.00010728434524953645,0.15501692078131135
qwen3-8b-instruct,es,pt,25,-0.01881833185379511,0.01931409858101063,0.0004957667272155186,0.15570089178324376
smollm3-3b,es,es,25,0.11560596145340596,0.42938200359418643,0.5449879650475924,0.5645663968254955
stablelm-2-1.6b-chat,pt,pt,16,0.07762092048278613,0.20702138215458887,0.284642302637375,0.3135586260628841
stablelm-3b,pt,pt,22,-0.04260028018520656,0.24247528942854546,0.1998750092433389,0.24540646972203672
tinyllama,pt,pt,16,0.1133207800440238,0.5330305737476054,0.6463513537916292,0.6527814633169279
yi-1.5-6b-chat,fr,fr,22,-0.08019785494826959,0.18038638216191683,0.10018852721364724,0.2671378424747636
yi-6b,es,pt,22,-0.09121686293759912,0.5926477463827431,0.501430883445144,0.5932517057043956
zephyr-7b,pt,pt,22,0.04723249139260033,0.4110316612536764,0.45826415264627673,0.45208227340973606
