,PC1,PC2,family,scd_score
ar,-0.36225978,0.49279225,Semitic,83.92871638496781
de,0.010062682,0.040986072,Germanic,74.46506735521925
en,0.38470817,0.15700915,Germanic,0.0
es,0.32423413,-0.33637366,Romance,69.33063713785053
fr,0.024359703,-0.35218927,Romance,74.48500115348494
hi,-0.47388574,-0.58851236,Indo-Aryan,86.28036466282265
ja,0.2611336,0.3111511,Japonic,65.63202216829454
pt,0.32202527,-0.33518854,Romance,69.06084859514985
ru,-0.3034922,0.25896007,Slavic,81.84797254018878
sw,-0.5640523,0.07520475,Bantu,84.0162304800752
zh-CN,0.37716573,0.27616066,Sino-Tibetan,53.45244329099347
