,ar,de,en,es,fr,hi,ja,pt,ru,sw,zh-CN
ar,1.0,0.12418609857559204,0.11128783226013184,0.1066548228263855,0.12823057174682617,-0.025781869888305664,0.08736735582351685,0.07682538032531738,0.12292635440826416,0.07828330993652344,0.11396145820617676
de,0.12418609857559204,1.0,0.23648720979690552,0.19017291069030762,0.22242379188537598,-0.014703750610351562,0.15976762771606445,0.20056968927383423,0.1769096851348877,0.049187302589416504,0.15178167819976807
en,0.11128783226013184,0.23648720979690552,1.0,0.29341137409210205,0.2143734097480774,0.025794625282287598,0.3197314739227295,0.24321883916854858,0.10359776020050049,0.12482064962387085,0.4783341884613037
es,0.1066548228263855,0.19017291069030762,0.29341137409210205,1.0,0.3477107882499695,0.06280738115310669,0.20226263999938965,0.4833383560180664,0.12734121084213257,0.08466744422912598,0.2348320484161377
fr,0.12823057174682617,0.22242379188537598,0.2143734097480774,0.3477107882499695,1.0,0.09288203716278076,0.05666482448577881,0.302798867225647,0.19784414768218994,0.09072291851043701,0.12167149782180786
hi,-0.025781869888305664,-0.014703750610351562,0.025794625282287598,0.06280738115310669,0.09288203716278076,1.0,-0.028519511222839355,0.05984139442443848,0.0047560930252075195,0.06699210405349731,-0.004611372947692871
ja,0.08736735582351685,0.15976762771606445,0.3197314739227295,0.20226263999938965,0.05666482448577881,-0.028519511222839355,1.0,0.12138146162033081,0.015306234359741211,0.09484875202178955,0.42666804790496826
pt,0.07682538032531738,0.20056968927383423,0.24321883916854858,0.4833383560180664,0.302798867225647,0.05984139442443848,0.12138146162033081,1.0,0.1385558843612671,0.05754595994949341,0.1670435070991516
ru,0.12292635440826416,0.1769096851348877,0.10359776020050049,0.12734121084213257,0.19784414768218994,0.0047560930252075195,0.015306234359741211,0.1385558843612671,1.0,-0.014291763305664062,0.008627474308013916
sw,0.07828330993652344,0.049187302589416504,0.12482064962387085,0.08466744422912598,0.09072291851043701,0.06699210405349731,0.09484875202178955,0.05754595994949341,-0.014291763305664062,1.0,0.08684515953063965
zh-CN,0.11396145820617676,0.15178167819976807,0.4783341884613037,0.2348320484161377,0.12167149782180786,-0.004611372947692871,0.42666804790496826,0.1670435070991516,0.008627474308013916,0.08684515953063965,1.0
