,fr,en,hi,de,sw,pt,ru,ja,ar,zh-CN,es
0,1.2842585874684134,0.0,1.426271560626103,1.3007188912265,1.5039715791203305,1.1931792043031517,1.404599957345744,1.3339886419268647,1.4584792759858205,1.3286983416229057,1.1960351380159862
1,0.09729585916919326,0.0,0.13681890078306777,0.15544370668794072,0.1282922470798187,0.09377227232113296,0.2765771856026884,0.2574139636231896,0.18440763552751424,0.22129261274336598,0.09466243271763733
4,0.08308482751059532,0.0,0.13373848682007236,0.13881812172050664,0.1244098945419206,0.07885782020224234,0.292779870570268,0.2619242308453733,0.15909597074657242,0.21286516855809842,0.07782890969480269
7,0.1048363897941599,0.0,0.17041118915195086,0.1926134890104898,0.16958042168899964,0.0982167931917036,0.38790940888010794,0.3773175546453685,0.2024076614987571,0.2665325826982615,0.09688882048363481
10,0.13663610991839473,0.0,0.24836590425267582,0.2634728331485794,0.2554651187003941,0.12896786372448826,0.5198869677762259,0.5640259879696147,0.25090089460884774,0.33822730563845427,0.12262032229374593
13,0.1426153212577121,0.0,0.27599137119922157,0.2773810656535821,0.27455789259414126,0.1392572319037167,0.5353069931408031,0.6292775853618486,0.2539822052833819,0.35495175529708417,0.12787040413032047
16,0.1448292512150149,0.0,0.2931948958567963,0.26482865911612363,0.26833252251773926,0.14140624770996235,0.5323524951574365,0.6506859514800694,0.2553025499469515,0.3585509201679813,0.12888256081211605
19,0.16680565509994136,0.0,0.35006412025847944,0.28440449479733965,0.30823331933116077,0.16515227442205335,0.5533863948831914,0.7259279592947002,0.2938168807598572,0.40411602016849896,0.14908100795751852
22,0.229826966447643,0.0,0.4501691421499704,0.3620657020156952,0.39691424166920886,0.22545806216240488,0.6173839053163349,0.8290248334097663,0.3682595003604648,0.5019015019823821,0.20998453384880233
25,0.27840702715018073,0.0,0.5235867664224044,0.3963268410296942,0.45145686726683065,0.26787598779823546,0.6507495158478658,0.9081728984922472,0.42430248712599894,0.5675230814041134,0.25028195821650817
28,0.36450776820289865,0.0,0.6351975994541408,0.48084442931970534,0.5328035012685005,0.34689685326850156,0.7454828423000377,1.0103398694829737,0.5467522335785346,0.6780411596617537,0.33122776281255994
31,0.5337369340231173,0.0,0.8116439519393608,0.7047743959464126,0.7018220730510621,0.5201115290601713,0.8882559351465245,1.1156038972990323,0.7418883636142894,0.8123557599101958,0.5039720804253328
34,0.9806829906529294,0.0,1.2722514842366552,1.0721679032227338,1.3359534731992102,0.9533347377103981,1.0543386795960459,1.3414462858363796,1.1833559252094852,1.031026859421773,0.9373771424748054
35,0.9517956612283441,0.0,1.2719976558859263,1.0011398306829897,1.4786917202516021,0.8849453749799061,1.0788796768849216,1.3077890717975043,1.1796187283088662,1.0708057551059595,0.890293782130994
